{
  "seed": 0,
  "output_dir": "/mnt/data1/Drifting/experiments/cloudseg_unet_drifting",
  "num_classes": 10,
  "ignore_index": 10,
  "data": {
    "root": "/mnt/data1/Dataset/CloudSegmentation",
    "train_split": "train1",
    "val_split": "val1",
    "pad_to_size": null,
    "normalization": {
      "mode": "dataset_minmax",
      "dataset_min": [
        0.0,
        0.0,
        0.0,
        0.0,
        0.0,
        0.0,
        0.0,
        207.1699981689453,
        187.04998779296875,
        183.6999969482422,
        183.8599853515625,
        182.22999572753906,
        208.33999633789062,
        183.83999633789062,
        181.66000366210938,
        181.54998779296875,
        184.88999938964844
      ],
      "dataset_max": [
        95.37999725341797,
        1.2105,
        1.21420002,
        1.19639993,
        1.22599995,
        1.23109996,
        1.23199999,
        370.76998901,
        261.57998657,
        271.57998657,
        274.79998779,
        313.61999512,
        281.30999756,
        317.63000488,
        317.38998413,
        310.6000061,
        283.77999878
      ],
      "clip": true
    }
  },
  "optimizer": {
    "schedule": "cosine",
    "learning_rate": 0.0001,
    "min_learning_rate": 1e-06,
    "warmup_ratio": 0.05,
    "weight_decay": 0.0001
  },
  "loss": {
    "lambda_uncertainty": 0.5,
    "ce_weight": 0.5,
    "dice_weight": 0.5
  },
  "drift": {
    "weight": 0.1,
    "positive_bank_size": 192,
    "negative_bank_size": 1536,
    "pos_per_class": 6,
    "neg_per_class": 12,
    "class_ids": ["Clr", "Ci", "Cs", "DC", "Ac", "As", "Ns", "Cu", "Sc", "St"],
    "loss_kwargs": {
      "R_list": [0.03, 0.08, 0.2]
    }
  },
  "train": {
    "epochs": 200,
    "batch_size": 32,
    "num_workers": 0,
    "save_every_epochs": 25
  },
  "eval": {
    "batch_size": 32,
    "eval_every_epochs": 1
  },
  "wandb": {
    "project": "drifting-cloudseg",
    "entity": null,
    "name": null
  }
}
