{
  "seed": 0,
  "output_dir": "/mnt/data1/Drifting/experiments/cloudseg_unet_confpair_physical_prior",
  "num_classes": 10,
  "ignore_index": 10,
  "train_backbone": true,
  "data": {
    "root": "/mnt/data1/Dataset/CloudSegmentation",
    "train_split": "train1",
    "val_split": "val1",
    "pad_to_size": null,
    "normalization": {
      "mode": "dataset_minmax",
      "dataset_min": [
        0.0,
        0.0,
        0.0,
        0.0,
        0.0,
        0.0,
        0.0,
        207.1699981689453,
        187.04998779296875,
        183.6999969482422,
        183.8599853515625,
        182.22999572753906,
        208.33999633789062,
        183.83999633789062,
        181.66000366210938,
        181.54998779296875,
        184.88999938964844
      ],
      "dataset_max": [
        95.37999725341797,
        1.2105,
        1.21420002,
        1.19639993,
        1.22599995,
        1.23109996,
        1.23199999,
        370.76998901,
        261.57998657,
        271.57998657,
        274.79998779,
        313.61999512,
        281.30999756,
        317.63000488,
        317.38998413,
        310.6000061,
        283.77999878
      ],
      "clip": true
    },
    "feature_augmentation": {
      "physical_prior": {
        "enabled": true,
        "use_himawari16_from17": true,
        "include_inputs": true,
        "normalization": {
          "mode": "sample_minmax",
          "clip": true
        },
        "indices": {
          "vis": 0,
          "nir": 2,
          "swir": 3,
          "wv1": 7,
          "wv2": 8,
          "wv3": 9,
          "ir11": 10,
          "ir12": 12,
          "ir13": 13
        }
      }
    }
  },
  "model": {
    "type": "official_unet_hierarchical"
  },
  "optimizer": {
    "schedule": "cosine",
    "learning_rate": 0.0001,
    "min_learning_rate": 1e-06,
    "warmup_ratio": 0.05,
    "weight_decay": 0.0001
  },
  "loss": {
    "primary_loss": "attention_ce",
    "lambda_uncertainty": 0.5,
    "ce_weight": 0.45,
    "dice_weight": 0.45,
    "confusion_pair_weight": 0.10,
    "confusion_pair_margin": 0.30,
    "confusion_pairs": [
      [0, 4],
      [0, 7],
      [1, 4],
      [2, 5],
      [2, 3],
      [3, 6],
      [5, 8],
      [6, 9],
      [7, 8],
      [8, 9]
    ],
    "confusion_pair_weights": [
      1.3,
      1.2,
      1.2,
      1.0,
      1.5,
      1.6,
      1.0,
      1.4,
      1.0,
      1.1
    ],
    "hier_l1_weight": 0.2,
    "hier_l2_weight": 0.3
  },
  "train": {
    "epochs": 200,
    "batch_size": 16,
    "num_workers": 0,
    "save_every_epochs": 50
  },
  "eval": {
    "batch_size": 16,
    "eval_every_epochs": 1
  },
  "wandb": {
    "project": "drifting-cloudseg",
    "entity": null,
    "name": "cloudseg_unet_confpair_physical_prior"
  }
}
